Sr. No.,screen_id,filename,topic,desc_saved_local,desc_saved_drive,tc_csv_local,tc_csv_drive,#Test Cases,status,#Incorrect Tests,#Correct Tests,#Incorrect Tests,,SR No.,Screen Type,Number of Screens
2,1028,1028.jpg,list,/content/drive/MyDrive/SS_descriptions_txt_final/1028.txt,/content/drive/MyDrive/SS_PIPELINE_200_final1/descriptions_txt/1028.txt,/content/drive/MyDrive/SS_testcases_csv_final/1028.csv,/content/drive/MyDrive/SS_PIPELINE_200_final1/testcases_csv/1028.csv,8,OK,0,8,0,,1,bare,12
3,1068,1068.jpg,profile,/content/drive/MyDrive/SS_descriptions_txt_final/1068.txt,/content/drive/MyDrive/SS_PIPELINE_200_final1/descriptions_txt/1068.txt,/content/drive/MyDrive/SS_testcases_csv_final/1068.csv,/content/drive/MyDrive/SS_PIPELINE_200_final1/testcases_csv/1068.csv,10,OK,0,10,0,,2,camera,2
4,1074,1074.jpg,form,/content/drive/MyDrive/SS_descriptions_txt_final/1074.txt,/content/drive/MyDrive/SS_PIPELINE_200_final1/descriptions_txt/1074.txt,/content/drive/MyDrive/SS_testcases_csv_final/1074.csv,/content/drive/MyDrive/SS_PIPELINE_200_final1/testcases_csv/1074.csv,8,OK,0,8,0,,3,chat,1
5,1115,1115.jpg,tutorial,/content/drive/MyDrive/SS_descriptions_txt_final/1115.txt,/content/drive/MyDrive/SS_PIPELINE_200_final1/descriptions_txt/1115.txt,/content/drive/MyDrive/SS_testcases_csv_final/1115.csv,/content/drive/MyDrive/SS_PIPELINE_200_final1/testcases_csv/1115.csv,11,OK,0,11,0,,4,editor,1
6,1130,1130.jpg,modal,/content/drive/MyDrive/SS_descriptions_txt_final/1130.txt,/content/drive/MyDrive/SS_PIPELINE_200_final1/descriptions_txt/1130.txt,,,3,OK,0,3,0,,5,form,19
7,1184,1184.jpg,other,/content/drive/MyDrive/SS_descriptions_txt_final/1184.txt,/content/drive/MyDrive/SS_PIPELINE_200_final1/descriptions_txt/1184.txt,/content/drive/MyDrive/SS_testcases_csv_final/1184.csv,/content/drive/MyDrive/SS_PIPELINE_200_final1/testcases_csv/1184.csv,8,OK,0,8,0,,6,gallery,23
8,1281,1281.jpg,profile,/content/drive/MyDrive/SS_descriptions_txt_final/1281.txt,/content/drive/MyDrive/SS_PIPELINE_200_final1/descriptions_txt/1281.txt,/content/drive/MyDrive/SS_testcases_csv_final/1281.csv,/content/drive/MyDrive/SS_PIPELINE_200_final1/testcases_csv/1281.csv,8,OK,0,8,0,,7,list,30
9,1303,1303.jpg,list,/content/drive/MyDrive/SS_descriptions_txt_final/1303.txt,/content/drive/MyDrive/SS_PIPELINE_200_final1/descriptions_txt/1303.txt,/content/drive/MyDrive/SS_testcases_csv_final/1303.csv,/content/drive/MyDrive/SS_PIPELINE_200_final1/testcases_csv/1303.csv,8,OK,1,7,1,,8,login,21
10,1332,1332.jpg,form,/content/drive/MyDrive/SS_descriptions_txt_final/1332.txt,/content/drive/MyDrive/SS_PIPELINE_200_final1/descriptions_txt/1332.txt,/content/drive/MyDrive/SS_testcases_csv_final/1332.csv,/content/drive/MyDrive/SS_PIPELINE_200_final1/testcases_csv/1332.csv,5,OK,1,4,1,,9,maps,2
11,1371,1371.jpg,profile,/content/drive/MyDrive/SS_descriptions_txt_final/1371.txt,/content/drive/MyDrive/SS_PIPELINE_200_final1/descriptions_txt/1371.txt,/content/drive/MyDrive/SS_testcases_csv_final/1371.csv,/content/drive/MyDrive/SS_PIPELINE_200_final1/testcases_csv/1371.csv,7,OK,1,6,1,,10,mediaplayer,4
12,1411,1411.jpg,news,/content/drive/MyDrive/SS_descriptions_txt_final/1411.txt,/content/drive/MyDrive/SS_PIPELINE_200_final1/descriptions_txt/1411.txt,/content/drive/MyDrive/SS_testcases_csv_final/1411.csv,/content/drive/MyDrive/SS_PIPELINE_200_final1/testcases_csv/1411.csv,8,OK,1,7,1,,11,menu,10
13,1460,1460.jpg,settings,/content/drive/MyDrive/SS_descriptions_txt_final/1460.txt,/content/drive/MyDrive/SS_PIPELINE_200_final1/descriptions_txt/1460.txt,/content/drive/MyDrive/SS_testcases_csv_final/1460.csv,/content/drive/MyDrive/SS_PIPELINE_200_final1/testcases_csv/1460.csv,8,OK,0,8,0,,12,modal,10
14,1611,1611.jpg,other,/content/drive/MyDrive/SS_descriptions_txt_final/1611.txt,/content/drive/MyDrive/SS_PIPELINE_200_final1/descriptions_txt/1611.txt,/content/drive/MyDrive/SS_testcases_csv_final/1611.csv,/content/drive/MyDrive/SS_PIPELINE_200_final1/testcases_csv/1611.csv,8,OK,3,5,3,,13,news,9
15,1622,1622.jpg,login,/content/drive/MyDrive/SS_descriptions_txt_final/1622.txt,/content/drive/MyDrive/SS_PIPELINE_200_final1/descriptions_txt/1622.txt,/content/drive/MyDrive/SS_testcases_csv_final/1622.csv,/content/drive/MyDrive/SS_PIPELINE_200_final1/testcases_csv/1622.csv,8,OK,0,8,0,,14,other,5
16,1709,1709.jpg,list,/content/drive/MyDrive/SS_descriptions_txt_final/1709.txt,/content/drive/MyDrive/SS_PIPELINE_200_final1/descriptions_txt/1709.txt,/content/drive/MyDrive/SS_testcases_csv_final/1709.csv,/content/drive/MyDrive/SS_PIPELINE_200_final1/testcases_csv/1709.csv,10,OK,0,10,0,,15,profile,13
17,1753,1753.jpg,tutorial,/content/drive/MyDrive/SS_descriptions_txt_final/1753.txt,/content/drive/MyDrive/SS_PIPELINE_200_final1/descriptions_txt/1753.txt,/content/drive/MyDrive/SS_testcases_csv_final/1753.csv,/content/drive/MyDrive/SS_PIPELINE_200_final1/testcases_csv/1753.csv,8,OK,0,8,0,,16,search,6
18,1809,1809.jpg,tutorial,/content/drive/MyDrive/SS_descriptions_txt_final/1809.txt,/content/drive/MyDrive/SS_PIPELINE_200_final1/descriptions_txt/1809.txt,/content/drive/MyDrive/SS_testcases_csv_final/1809.csv,/content/drive/MyDrive/SS_PIPELINE_200_final1/testcases_csv/1809.csv,10,OK,0,10,0,,17,settings,7
19,1863,1863.jpg,tutorial,/content/drive/MyDrive/SS_descriptions_txt_final/1863.txt,/content/drive/MyDrive/SS_PIPELINE_200_final1/descriptions_txt/1863.txt,/content/drive/MyDrive/SS_testcases_csv_final/1863.csv,/content/drive/MyDrive/SS_PIPELINE_200_final1/testcases_csv/1863.csv,7,OK,0,7,0,,18,terms,6
20,1868,1868.jpg,tutorial,/content/drive/MyDrive/SS_descriptions_txt_final/1868.txt,/content/drive/MyDrive/SS_PIPELINE_200_final1/descriptions_txt/1868.txt,/content/drive/MyDrive/SS_testcases_csv_final/1868.csv,/content/drive/MyDrive/SS_PIPELINE_200_final1/testcases_csv/1868.csv,4,OK,4,0,4,Discussion,19,tutorial,19
21,10128,10128.jpg,list,/content/drive/MyDrive/SS_descriptions_txt_final/10128.txt,/content/drive/MyDrive/SS_PIPELINE_200_final1/descriptions_txt/10128.txt,/content/drive/MyDrive/SS_testcases_csv_final/10128.csv,/content/drive/MyDrive/SS_PIPELINE_200_final1/testcases_csv/10128.csv,9,OK,2,7,2,,,,
22,10180,10180.jpg,news,/content/drive/MyDrive/SS_descriptions_txt_final/10180.txt,/content/drive/MyDrive/SS_PIPELINE_200_final1/descriptions_txt/10180.txt,/content/drive/MyDrive/SS_testcases_csv_final/10180.csv,/content/drive/MyDrive/SS_PIPELINE_200_final1/testcases_csv/10180.csv,8,OK,2,6,2,,,,
23,10183,10183.jpg,bare,/content/drive/MyDrive/SS_descriptions_txt_final/10183.txt,/content/drive/MyDrive/SS_PIPELINE_200_final1/descriptions_txt/10183.txt,/content/drive/MyDrive/SS_testcases_csv_final/10183.csv,/content/drive/MyDrive/SS_PIPELINE_200_final1/testcases_csv/10183.csv,7,OK,3,4,3,,,,
24,10208,10208.jpg,login,/content/drive/MyDrive/SS_descriptions_txt_final/10208.txt,/content/drive/MyDrive/SS_PIPELINE_200_final1/descriptions_txt/10208.txt,/content/drive/MyDrive/SS_testcases_csv_final/10208.csv,/content/drive/MyDrive/SS_PIPELINE_200_final1/testcases_csv/10208.csv,9,OK,0,9,0,,,,
25,10214,10214.jpg,login,/content/drive/MyDrive/SS_descriptions_txt_final/10214.txt,/content/drive/MyDrive/SS_PIPELINE_200_final1/descriptions_txt/10214.txt,/content/drive/MyDrive/SS_testcases_csv_final/10214.csv,/content/drive/MyDrive/SS_PIPELINE_200_final1/testcases_csv/10214.csv,10,OK,0,10,0,,,,
26,10304,10304.jpg,form,/content/drive/MyDrive/SS_descriptions_txt_final/10304.txt,/content/drive/MyDrive/SS_PIPELINE_200_final1/descriptions_txt/10304.txt,/content/drive/MyDrive/SS_testcases_csv_final/10304.csv,/content/drive/MyDrive/SS_PIPELINE_200_final1/testcases_csv/10304.csv,6,OK,0,6,0,,,,
27,10352,10352.jpg,settings,/content/drive/MyDrive/SS_descriptions_txt_final/10352.txt,/content/drive/MyDrive/SS_PIPELINE_200_final1/descriptions_txt/10352.txt,/content/drive/MyDrive/SS_testcases_csv_final/10352.csv,/content/drive/MyDrive/SS_PIPELINE_200_final1/testcases_csv/10352.csv,9,OK,0,9,0,,,,
28,10440,10440.jpg,profile,/content/drive/MyDrive/SS_descriptions_txt_final/10440.txt,/content/drive/MyDrive/SS_PIPELINE_200_final1/descriptions_txt/10440.txt,/content/drive/MyDrive/SS_testcases_csv_final/10440.csv,/content/drive/MyDrive/SS_PIPELINE_200_final1/testcases_csv/10440.csv,7,OK,2,5,2,,,,
29,10482,10482.jpg,form,/content/drive/MyDrive/SS_descriptions_txt_final/10482.txt,/content/drive/MyDrive/SS_PIPELINE_200_final1/descriptions_txt/10482.txt,/content/drive/MyDrive/SS_testcases_csv_final/10482.csv,/content/drive/MyDrive/SS_PIPELINE_200_final1/testcases_csv/10482.csv,7,OK,1,6,1,,,,
30,10498,10498.jpg,gallery,/content/drive/MyDrive/SS_descriptions_txt_final/10498.txt,/content/drive/MyDrive/SS_PIPELINE_200_final1/descriptions_txt/10498.txt,/content/drive/MyDrive/SS_testcases_csv_final/10498.csv,/content/drive/MyDrive/SS_PIPELINE_200_final1/testcases_csv/10498.csv,10,OK,0,10,0,,,,
31,10522,10522.jpg,editor,/content/drive/MyDrive/SS_descriptions_txt_final/10522.txt,/content/drive/MyDrive/SS_PIPELINE_200_final1/descriptions_txt/10522.txt,/content/drive/MyDrive/SS_testcases_csv_final/10522.csv,/content/drive/MyDrive/SS_PIPELINE_200_final1/testcases_csv/10522.csv,11,OK,3,8,3,,,,
32,10538,10538.jpg,form,/content/drive/MyDrive/SS_descriptions_txt_final/10538.txt,/content/drive/MyDrive/SS_PIPELINE_200_final1/descriptions_txt/10538.txt,/content/drive/MyDrive/SS_testcases_csv_final/10538.csv,/content/drive/MyDrive/SS_PIPELINE_200_final1/testcases_csv/10538.csv,9,OK,0,9,0,,,,
33,10544,10544.jpg,search,/content/drive/MyDrive/SS_descriptions_txt_final/10544.txt,/content/drive/MyDrive/SS_PIPELINE_200_final1/descriptions_txt/10544.txt,/content/drive/MyDrive/SS_testcases_csv_final/10544.csv,/content/drive/MyDrive/SS_PIPELINE_200_final1/testcases_csv/10544.csv,7,OK,0,7,0,,,,
34,10592,10592.jpg,list,/content/drive/MyDrive/SS_descriptions_txt_final/10592.txt,/content/drive/MyDrive/SS_PIPELINE_200_final1/descriptions_txt/10592.txt,/content/drive/MyDrive/SS_testcases_csv_final/10592.csv,/content/drive/MyDrive/SS_PIPELINE_200_final1/testcases_csv/10592.csv,6,OK,0,6,0,,,,
35,10594,10594.jpg,tutorial,/content/drive/MyDrive/SS_descriptions_txt_final/10594.txt,/content/drive/MyDrive/SS_PIPELINE_200_final1/descriptions_txt/10594.txt,/content/drive/MyDrive/SS_testcases_csv_final/10594.csv,/content/drive/MyDrive/SS_PIPELINE_200_final1/testcases_csv/10594.csv,6,OK,0,6,0,,,,
36,10596,10596.jpg,list,/content/drive/MyDrive/SS_descriptions_txt_final/10596.txt,/content/drive/MyDrive/SS_PIPELINE_200_final1/descriptions_txt/10596.txt,/content/drive/MyDrive/SS_testcases_csv_final/10596.csv,/content/drive/MyDrive/SS_PIPELINE_200_final1/testcases_csv/10596.csv,8,OK,2,6,2,,,,
37,10612,10612.jpg,menu,/content/drive/MyDrive/SS_descriptions_txt_final/10612.txt,/content/drive/MyDrive/SS_PIPELINE_200_final1/descriptions_txt/10612.txt,/content/drive/MyDrive/SS_testcases_csv_final/10612.csv,/content/drive/MyDrive/SS_PIPELINE_200_final1/testcases_csv/10612.csv,9,OK,0,9,0,,,,
38,10636,10636.jpg,news,/content/drive/MyDrive/SS_descriptions_txt_final/10636.txt,/content/drive/MyDrive/SS_PIPELINE_200_final1/descriptions_txt/10636.txt,/content/drive/MyDrive/SS_testcases_csv_final/10636.csv,/content/drive/MyDrive/SS_PIPELINE_200_final1/testcases_csv/10636.csv,8,OK,0,8,0,,,,
39,10693,10693.jpg,gallery,/content/drive/MyDrive/SS_descriptions_txt_final/10693.txt,/content/drive/MyDrive/SS_PIPELINE_200_final1/descriptions_txt/10693.txt,/content/drive/MyDrive/SS_testcases_csv_final/10693.csv,/content/drive/MyDrive/SS_PIPELINE_200_final1/testcases_csv/10693.csv,6,OK,0,6,0,,,,
40,10743,10743.jpg,tutorial,/content/drive/MyDrive/SS_descriptions_txt_final/10743.txt,/content/drive/MyDrive/SS_PIPELINE_200_final1/descriptions_txt/10743.txt,/content/drive/MyDrive/SS_testcases_csv_final/10743.csv,/content/drive/MyDrive/SS_PIPELINE_200_final1/testcases_csv/10743.csv,8,OK,1,7,1,,,,
41,10798,10798.jpg,menu,/content/drive/MyDrive/SS_descriptions_txt_final/10798.txt,/content/drive/MyDrive/SS_PIPELINE_200_final1/descriptions_txt/10798.txt,/content/drive/MyDrive/SS_testcases_csv_final/10798.csv,/content/drive/MyDrive/SS_PIPELINE_200_final1/testcases_csv/10798.csv,9,OK,0,9,0,,,,
42,10863,10863.jpg,profile,/content/drive/MyDrive/SS_descriptions_txt_final/10863.txt,/content/drive/MyDrive/SS_PIPELINE_200_final1/descriptions_txt/10863.txt,/content/drive/MyDrive/SS_testcases_csv_final/10863.csv,/content/drive/MyDrive/SS_PIPELINE_200_final1/testcases_csv/10863.csv,9,OK,0,9,0,,,,
43,10890,10890.jpg,modal,/content/drive/MyDrive/SS_descriptions_txt_final/10890.txt,/content/drive/MyDrive/SS_PIPELINE_200_final1/descriptions_txt/10890.txt,/content/drive/MyDrive/SS_testcases_csv_final/10890.csv,/content/drive/MyDrive/SS_PIPELINE_200_final1/testcases_csv/10890.csv,6,OK,0,6,0,,,,
44,10966,10966.jpg,terms,/content/drive/MyDrive/SS_descriptions_txt_final/10966.txt,/content/drive/MyDrive/SS_PIPELINE_200_final1/descriptions_txt/10966.txt,/content/drive/MyDrive/SS_testcases_csv_final/10966.csv,/content/drive/MyDrive/SS_PIPELINE_200_final1/testcases_csv/10966.csv,7,OK,1,6,1,,,,
45,11039,11039.jpg,gallery,/content/drive/MyDrive/SS_descriptions_txt_final/11039.txt,/content/drive/MyDrive/SS_PIPELINE_200_final1/descriptions_txt/11039.txt,/content/drive/MyDrive/SS_testcases_csv_final/11039.csv,/content/drive/MyDrive/SS_PIPELINE_200_final1/testcases_csv/11039.csv,8,OK,0,8,0,,,,
46,11049,11049.jpg,settings,/content/drive/MyDrive/SS_descriptions_txt_final/11049.txt,/content/drive/MyDrive/SS_PIPELINE_200_final1/descriptions_txt/11049.txt,/content/drive/MyDrive/SS_testcases_csv_final/11049.csv,/content/drive/MyDrive/SS_PIPELINE_200_final1/testcases_csv/11049.csv,7,OK,0,7,0,,,,
47,11082,11082.jpg,login,/content/drive/MyDrive/SS_descriptions_txt_final/11082.txt,/content/drive/MyDrive/SS_PIPELINE_200_final1/descriptions_txt/11082.txt,/content/drive/MyDrive/SS_testcases_csv_final/11082.csv,/content/drive/MyDrive/SS_PIPELINE_200_final1/testcases_csv/11082.csv,9,OK,0,9,0,,,,
48,11088,11088.jpg,settings,/content/drive/MyDrive/SS_descriptions_txt_final/11088.txt,/content/drive/MyDrive/SS_PIPELINE_200_final1/descriptions_txt/11088.txt,/content/drive/MyDrive/SS_testcases_csv_final/11088.csv,/content/drive/MyDrive/SS_PIPELINE_200_final1/testcases_csv/11088.csv,8,OK,0,8,0,,,,
49,11148,11148.jpg,menu,/content/drive/MyDrive/SS_descriptions_txt_final/11148.txt,/content/drive/MyDrive/SS_PIPELINE_200_final1/descriptions_txt/11148.txt,/content/drive/MyDrive/SS_testcases_csv_final/11148.csv,/content/drive/MyDrive/SS_PIPELINE_200_final1/testcases_csv/11148.csv,8,OK,8,0,8,Discussion,,,
50,11150,11150.jpg,bare,/content/drive/MyDrive/SS_descriptions_txt_final/11150.txt,/content/drive/MyDrive/SS_PIPELINE_200_final1/descriptions_txt/11150.txt,/content/drive/MyDrive/SS_testcases_csv_final/11150.csv,/content/drive/MyDrive/SS_PIPELINE_200_final1/testcases_csv/11150.csv,8,OK,0,8,0,,,,
51,11177,11177.jpg,modal,/content/drive/MyDrive/SS_descriptions_txt_final/11177.txt,/content/drive/MyDrive/SS_PIPELINE_200_final1/descriptions_txt/11177.txt,/content/drive/MyDrive/SS_testcases_csv_final/11177.csv,/content/drive/MyDrive/SS_PIPELINE_200_final1/testcases_csv/11177.csv,10,OK,0,10,0,,,,
52,11231,11231.jpg,search,/content/drive/MyDrive/SS_descriptions_txt_final/11231.txt,/content/drive/MyDrive/SS_PIPELINE_200_final1/descriptions_txt/11231.txt,/content/drive/MyDrive/SS_testcases_csv_final/11231.csv,/content/drive/MyDrive/SS_PIPELINE_200_final1/testcases_csv/11231.csv,8,OK,1,7,1,,,,
53,11233,11233.jpg,profile,/content/drive/MyDrive/SS_descriptions_txt_final/11233.txt,/content/drive/MyDrive/SS_PIPELINE_200_final1/descriptions_txt/11233.txt,/content/drive/MyDrive/SS_testcases_csv_final/11233.csv,/content/drive/MyDrive/SS_PIPELINE_200_final1/testcases_csv/11233.csv,2,OK,0,2,0,,,,
54,11235,11235.jpg,bare,/content/drive/MyDrive/SS_descriptions_txt_final/11235.txt,/content/drive/MyDrive/SS_PIPELINE_200_final1/descriptions_txt/11235.txt,/content/drive/MyDrive/SS_testcases_csv_final/11235.csv,/content/drive/MyDrive/SS_PIPELINE_200_final1/testcases_csv/11235.csv,8,OK,0,8,0,,,,
55,11347,11347.jpg,bare,/content/drive/MyDrive/SS_descriptions_txt_final/11347.txt,/content/drive/MyDrive/SS_PIPELINE_200_final1/descriptions_txt/11347.txt,/content/drive/MyDrive/SS_testcases_csv_final/11347.csv,/content/drive/MyDrive/SS_PIPELINE_200_final1/testcases_csv/11347.csv,8,OK,7,1,7,Discussion,,,
56,11393,11393.jpg,list,/content/drive/MyDrive/SS_descriptions_txt_final/11393.txt,/content/drive/MyDrive/SS_PIPELINE_200_final1/descriptions_txt/11393.txt,/content/drive/MyDrive/SS_testcases_csv_final/11393.csv,/content/drive/MyDrive/SS_PIPELINE_200_final1/testcases_csv/11393.csv,6,OK,0,6,0,,,,
57,11433,11433.jpg,form,/content/drive/MyDrive/SS_descriptions_txt_final/11433.txt,/content/drive/MyDrive/SS_PIPELINE_200_final1/descriptions_txt/11433.txt,/content/drive/MyDrive/SS_testcases_csv_final/11433.csv,/content/drive/MyDrive/SS_PIPELINE_200_final1/testcases_csv/11433.csv,3,OK,0,3,0,,,,
58,11475,11475.jpg,gallery,/content/drive/MyDrive/SS_descriptions_txt_final/11475.txt,/content/drive/MyDrive/SS_PIPELINE_200_final1/descriptions_txt/11475.txt,/content/drive/MyDrive/SS_testcases_csv_final/11475.csv,/content/drive/MyDrive/SS_PIPELINE_200_final1/testcases_csv/11475.csv,8,OK,0,8,0,,,,
59,11499,11499.jpg,gallery,/content/drive/MyDrive/SS_descriptions_txt_final/11499.txt,/content/drive/MyDrive/SS_PIPELINE_200_final1/descriptions_txt/11499.txt,/content/drive/MyDrive/SS_testcases_csv_final/11499.csv,/content/drive/MyDrive/SS_PIPELINE_200_final1/testcases_csv/11499.csv,7,OK,2,5,2,,,,
60,11507,11507.jpg,modal,/content/drive/MyDrive/SS_descriptions_txt_final/11507.txt,/content/drive/MyDrive/SS_PIPELINE_200_final1/descriptions_txt/11507.txt,/content/drive/MyDrive/SS_testcases_csv_final/11507.csv,/content/drive/MyDrive/SS_PIPELINE_200_final1/testcases_csv/11507.csv,6,OK,0,6,0,,,,
61,11658,11658.jpg,form,/content/drive/MyDrive/SS_descriptions_txt_final/11658.txt,/content/drive/MyDrive/SS_PIPELINE_200_final1/descriptions_txt/11658.txt,/content/drive/MyDrive/SS_testcases_csv_final/11658.csv,/content/drive/MyDrive/SS_PIPELINE_200_final1/testcases_csv/11658.csv,5,OK,0,5,0,,,,
62,11712,11712.jpg,gallery,/content/drive/MyDrive/SS_descriptions_txt_final/11712.txt,/content/drive/MyDrive/SS_PIPELINE_200_final1/descriptions_txt/11712.txt,/content/drive/MyDrive/SS_testcases_csv_final/11712.csv,/content/drive/MyDrive/SS_PIPELINE_200_final1/testcases_csv/11712.csv,9,OK,0,9,0,,,,
63,11730,11730.jpg,mediaplayer,/content/drive/MyDrive/SS_descriptions_txt_final/11730.txt,/content/drive/MyDrive/SS_PIPELINE_200_final1/descriptions_txt/11730.txt,/content/drive/MyDrive/SS_testcases_csv_final/11730.csv,/content/drive/MyDrive/SS_PIPELINE_200_final1/testcases_csv/11730.csv,10,OK,2,8,2,,,,
64,11746,11746.jpg,mediaplayer,/content/drive/MyDrive/SS_descriptions_txt_final/11746.txt,/content/drive/MyDrive/SS_PIPELINE_200_final1/descriptions_txt/11746.txt,/content/drive/MyDrive/SS_testcases_csv_final/11746.csv,/content/drive/MyDrive/SS_PIPELINE_200_final1/testcases_csv/11746.csv,10,OK,0,10,0,,,,
65,11751,11751.jpg,list,/content/drive/MyDrive/SS_descriptions_txt_final/11751.txt,/content/drive/MyDrive/SS_PIPELINE_200_final1/descriptions_txt/11751.txt,/content/drive/MyDrive/SS_testcases_csv_final/11751.csv,/content/drive/MyDrive/SS_PIPELINE_200_final1/testcases_csv/11751.csv,8,OK,1,7,1,,,,
66,11794,11794.jpg,login,/content/drive/MyDrive/SS_descriptions_txt_final/11794.txt,/content/drive/MyDrive/SS_PIPELINE_200_final1/descriptions_txt/11794.txt,/content/drive/MyDrive/SS_testcases_csv_final/11794.csv,/content/drive/MyDrive/SS_PIPELINE_200_final1/testcases_csv/11794.csv,7,OK,0,7,0,,,,
67,11960,11960.jpg,form,/content/drive/MyDrive/SS_descriptions_txt_final/11960.txt,/content/drive/MyDrive/SS_PIPELINE_200_final1/descriptions_txt/11960.txt,/content/drive/MyDrive/SS_testcases_csv_final/11960.csv,/content/drive/MyDrive/SS_PIPELINE_200_final1/testcases_csv/11960.csv,6,OK,0,6,0,,,,
68,12176,12176.jpg,login,/content/drive/MyDrive/SS_descriptions_txt_final/12176.txt,/content/drive/MyDrive/SS_PIPELINE_200_final1/descriptions_txt/12176.txt,/content/drive/MyDrive/SS_testcases_csv_final/12176.csv,/content/drive/MyDrive/SS_PIPELINE_200_final1/testcases_csv/12176.csv,10,OK,7,3,7,Discussion,,,
69,12188,12188.jpg,tutorial,/content/drive/MyDrive/SS_descriptions_txt_final/12188.txt,/content/drive/MyDrive/SS_PIPELINE_200_final1/descriptions_txt/12188.txt,/content/drive/MyDrive/SS_testcases_csv_final/12188.csv,/content/drive/MyDrive/SS_PIPELINE_200_final1/testcases_csv/12188.csv,8,OK,0,8,0,,,,
70,12209,12209.jpg,news,/content/drive/MyDrive/SS_descriptions_txt_final/12209.txt,/content/drive/MyDrive/SS_PIPELINE_200_final1/descriptions_txt/12209.txt,/content/drive/MyDrive/SS_testcases_csv_final/12209.csv,/content/drive/MyDrive/SS_PIPELINE_200_final1/testcases_csv/12209.csv,9,OK,0,9,0,,,,
71,12280,12280.jpg,profile,/content/drive/MyDrive/SS_descriptions_txt_final/12280.txt,/content/drive/MyDrive/SS_PIPELINE_200_final1/descriptions_txt/12280.txt,/content/drive/MyDrive/SS_testcases_csv_final/12280.csv,/content/drive/MyDrive/SS_PIPELINE_200_final1/testcases_csv/12280.csv,5,OK,1,4,1,,,,
72,12294,12294.jpg,tutorial,/content/drive/MyDrive/SS_descriptions_txt_final/12294.txt,/content/drive/MyDrive/SS_PIPELINE_200_final1/descriptions_txt/12294.txt,/content/drive/MyDrive/SS_testcases_csv_final/12294.csv,/content/drive/MyDrive/SS_PIPELINE_200_final1/testcases_csv/12294.csv,5,OK,1,4,1,,,,
73,12393,12393.jpg,list,/content/drive/MyDrive/SS_descriptions_txt_final/12393.txt,/content/drive/MyDrive/SS_PIPELINE_200_final1/descriptions_txt/12393.txt,/content/drive/MyDrive/SS_testcases_csv_final/12393.csv,/content/drive/MyDrive/SS_PIPELINE_200_final1/testcases_csv/12393.csv,8,OK,2,6,2,,,,
74,12449,12449.jpg,list,/content/drive/MyDrive/SS_descriptions_txt_final/12449.txt,/content/drive/MyDrive/SS_PIPELINE_200_final1/descriptions_txt/12449.txt,/content/drive/MyDrive/SS_testcases_csv_final/12449.csv,/content/drive/MyDrive/SS_PIPELINE_200_final1/testcases_csv/12449.csv,5,OK,0,5,0,,,,
75,12504,12504.jpg,tutorial,/content/drive/MyDrive/SS_descriptions_txt_final/12504.txt,/content/drive/MyDrive/SS_PIPELINE_200_final1/descriptions_txt/12504.txt,/content/drive/MyDrive/SS_testcases_csv_final/12504.csv,/content/drive/MyDrive/SS_PIPELINE_200_final1/testcases_csv/12504.csv,10,OK,0,10,0,,,,
76,12581,12581.jpg,bare,/content/drive/MyDrive/SS_descriptions_txt_final/12581.txt,/content/drive/MyDrive/SS_PIPELINE_200_final1/descriptions_txt/12581.txt,/content/drive/MyDrive/SS_testcases_csv_final/12581.csv,/content/drive/MyDrive/SS_PIPELINE_200_final1/testcases_csv/12581.csv,4,OK,0,4,0,,,,
77,12612,12612.jpg,login,/content/drive/MyDrive/SS_descriptions_txt_final/12612.txt,/content/drive/MyDrive/SS_PIPELINE_200_final1/descriptions_txt/12612.txt,/content/drive/MyDrive/SS_testcases_csv_final/12612.csv,/content/drive/MyDrive/SS_PIPELINE_200_final1/testcases_csv/12612.csv,6,OK,6,0,6,,,,
78,12617,12617.jpg,profile,/content/drive/MyDrive/SS_descriptions_txt_final/12617.txt,/content/drive/MyDrive/SS_PIPELINE_200_final1/descriptions_txt/12617.txt,/content/drive/MyDrive/SS_testcases_csv_final/12617.csv,/content/drive/MyDrive/SS_PIPELINE_200_final1/testcases_csv/12617.csv,5,OK,0,5,0,,,,
79,12675,12675.jpg,login,/content/drive/MyDrive/SS_descriptions_txt_final/12675.txt,/content/drive/MyDrive/SS_PIPELINE_200_final1/descriptions_txt/12675.txt,/content/drive/MyDrive/SS_testcases_csv_final/12675.csv,/content/drive/MyDrive/SS_PIPELINE_200_final1/testcases_csv/12675.csv,7,OK,0,7,0,,,,
80,12775,12775.jpg,list,/content/drive/MyDrive/SS_descriptions_txt_final/12775.txt,/content/drive/MyDrive/SS_PIPELINE_200_final1/descriptions_txt/12775.txt,/content/drive/MyDrive/SS_testcases_csv_final/12775.csv,/content/drive/MyDrive/SS_PIPELINE_200_final1/testcases_csv/12775.csv,7,OK,2,5,2,,,,
81,12802,12802.jpg,list,/content/drive/MyDrive/SS_descriptions_txt_final/12802.txt,/content/drive/MyDrive/SS_PIPELINE_200_final1/descriptions_txt/12802.txt,/content/drive/MyDrive/SS_testcases_csv_final/12802.csv,/content/drive/MyDrive/SS_PIPELINE_200_final1/testcases_csv/12802.csv,8,OK,0,8,0,,,,
82,12804,12804.jpg,mediaplayer,/content/drive/MyDrive/SS_descriptions_txt_final/12804.txt,/content/drive/MyDrive/SS_PIPELINE_200_final1/descriptions_txt/12804.txt,/content/drive/MyDrive/SS_testcases_csv_final/12804.csv,/content/drive/MyDrive/SS_PIPELINE_200_final1/testcases_csv/12804.csv,6,OK,0,6,0,,,,
83,12833,12833.jpg,gallery,/content/drive/MyDrive/SS_descriptions_txt_final/12833.txt,/content/drive/MyDrive/SS_PIPELINE_200_final1/descriptions_txt/12833.txt,/content/drive/MyDrive/SS_testcases_csv_final/12833.csv,/content/drive/MyDrive/SS_PIPELINE_200_final1/testcases_csv/12833.csv,7,OK,1,6,1,,,,
84,12921,12921.jpg,search,/content/drive/MyDrive/SS_descriptions_txt_final/12921.txt,/content/drive/MyDrive/SS_PIPELINE_200_final1/descriptions_txt/12921.txt,/content/drive/MyDrive/SS_testcases_csv_final/12921.csv,/content/drive/MyDrive/SS_PIPELINE_200_final1/testcases_csv/12921.csv,9,OK,2,7,2,,,,
85,12952,12952.jpg,profile,/content/drive/MyDrive/SS_descriptions_txt_final/12952.txt,/content/drive/MyDrive/SS_PIPELINE_200_final1/descriptions_txt/12952.txt,/content/drive/MyDrive/SS_testcases_csv_final/12952.csv,/content/drive/MyDrive/SS_PIPELINE_200_final1/testcases_csv/12952.csv,8,OK,1,7,1,,,,
86,12954,12954.jpg,settings,/content/drive/MyDrive/SS_descriptions_txt_final/12954.txt,/content/drive/MyDrive/SS_PIPELINE_200_final1/descriptions_txt/12954.txt,/content/drive/MyDrive/SS_testcases_csv_final/12954.csv,/content/drive/MyDrive/SS_PIPELINE_200_final1/testcases_csv/12954.csv,8,OK,0,8,0,,,,
87,13063,13063.jpg,list,/content/drive/MyDrive/SS_descriptions_txt_final/13063.txt,/content/drive/MyDrive/SS_PIPELINE_200_final1/descriptions_txt/13063.txt,/content/drive/MyDrive/SS_testcases_csv_final/13063.csv,/content/drive/MyDrive/SS_PIPELINE_200_final1/testcases_csv/13063.csv,8,OK,1,7,1,,,,
88,13079,13079.jpg,gallery,/content/drive/MyDrive/SS_descriptions_txt_final/13079.txt,/content/drive/MyDrive/SS_PIPELINE_200_final1/descriptions_txt/13079.txt,/content/drive/MyDrive/SS_testcases_csv_final/13079.csv,/content/drive/MyDrive/SS_PIPELINE_200_final1/testcases_csv/13079.csv,7,OK,0,7,0,,,,
89,13189,13189.jpg,news,/content/drive/MyDrive/SS_descriptions_txt_final/13189.txt,/content/drive/MyDrive/SS_PIPELINE_200_final1/descriptions_txt/13189.txt,/content/drive/MyDrive/SS_testcases_csv_final/13189.csv,/content/drive/MyDrive/SS_PIPELINE_200_final1/testcases_csv/13189.csv,8,OK,1,7,1,,,,
90,13349,13349.jpg,list,/content/drive/MyDrive/SS_descriptions_txt_final/13349.txt,/content/drive/MyDrive/SS_PIPELINE_200_final1/descriptions_txt/13349.txt,/content/drive/MyDrive/SS_testcases_csv_final/13349.csv,/content/drive/MyDrive/SS_PIPELINE_200_final1/testcases_csv/13349.csv,5,OK,0,5,0,,,,
91,13410,13410.jpg,list,/content/drive/MyDrive/SS_descriptions_txt_final/13410.txt,/content/drive/MyDrive/SS_PIPELINE_200_final1/descriptions_txt/13410.txt,/content/drive/MyDrive/SS_testcases_csv_final/13410.csv,/content/drive/MyDrive/SS_PIPELINE_200_final1/testcases_csv/13410.csv,8,OK,2,6,2,,,,
92,13420,13420.jpg,login,/content/drive/MyDrive/SS_descriptions_txt_final/13420.txt,/content/drive/MyDrive/SS_PIPELINE_200_final1/descriptions_txt/13420.txt,/content/drive/MyDrive/SS_testcases_csv_final/13420.csv,/content/drive/MyDrive/SS_PIPELINE_200_final1/testcases_csv/13420.csv,7,OK,0,7,0,,,,
93,13565,13565.jpg,news,/content/drive/MyDrive/SS_descriptions_txt_final/13565.txt,/content/drive/MyDrive/SS_PIPELINE_200_final1/descriptions_txt/13565.txt,/content/drive/MyDrive/SS_testcases_csv_final/13565.csv,/content/drive/MyDrive/SS_PIPELINE_200_final1/testcases_csv/13565.csv,7,OK,0,7,0,,,,
94,13575,13575.jpg,list,/content/drive/MyDrive/SS_descriptions_txt_final/13575.txt,/content/drive/MyDrive/SS_PIPELINE_200_final1/descriptions_txt/13575.txt,/content/drive/MyDrive/SS_testcases_csv_final/13575.csv,/content/drive/MyDrive/SS_PIPELINE_200_final1/testcases_csv/13575.csv,7,OK,2,5,2,,,,
95,13648,13648.jpg,gallery,/content/drive/MyDrive/SS_descriptions_txt_final/13648.txt,/content/drive/MyDrive/SS_PIPELINE_200_final1/descriptions_txt/13648.txt,/content/drive/MyDrive/SS_testcases_csv_final/13648.csv,/content/drive/MyDrive/SS_PIPELINE_200_final1/testcases_csv/13648.csv,6,OK,1,5,1,,,,
96,13696,13696.jpg,form,/content/drive/MyDrive/SS_descriptions_txt_final/13696.txt,/content/drive/MyDrive/SS_PIPELINE_200_final1/descriptions_txt/13696.txt,/content/drive/MyDrive/SS_testcases_csv_final/13696.csv,/content/drive/MyDrive/SS_PIPELINE_200_final1/testcases_csv/13696.csv,8,OK,0,8,0,,,,
97,13705,13705.jpg,login,/content/drive/MyDrive/SS_descriptions_txt_final/13705.txt,/content/drive/MyDrive/SS_PIPELINE_200_final1/descriptions_txt/13705.txt,/content/drive/MyDrive/SS_testcases_csv_final/13705.csv,/content/drive/MyDrive/SS_PIPELINE_200_final1/testcases_csv/13705.csv,7,OK,0,7,0,,,,
98,13721,13721.jpg,menu,/content/drive/MyDrive/SS_descriptions_txt_final/13721.txt,/content/drive/MyDrive/SS_PIPELINE_200_final1/descriptions_txt/13721.txt,/content/drive/MyDrive/SS_testcases_csv_final/13721.csv,/content/drive/MyDrive/SS_PIPELINE_200_final1/testcases_csv/13721.csv,6,OK,6,0,6,Discussion,,,
99,13734,13734.jpg,gallery,/content/drive/MyDrive/SS_descriptions_txt_final/13734.txt,/content/drive/MyDrive/SS_PIPELINE_200_final1/descriptions_txt/13734.txt,/content/drive/MyDrive/SS_testcases_csv_final/13734.csv,/content/drive/MyDrive/SS_PIPELINE_200_final1/testcases_csv/13734.csv,8,OK,0,8,0,,,,
100,13829,13829.jpg,modal,/content/drive/MyDrive/SS_descriptions_txt_final/13829.txt,/content/drive/MyDrive/SS_PIPELINE_200_final1/descriptions_txt/13829.txt,/content/drive/MyDrive/SS_testcases_csv_final/13829.csv,/content/drive/MyDrive/SS_PIPELINE_200_final1/testcases_csv/13829.csv,8,OK,0,8,0,,,,
101,13895,13895.jpg,gallery,/content/drive/MyDrive/SS_descriptions_txt_final/13895.txt,/content/drive/MyDrive/SS_PIPELINE_200_final1/descriptions_txt/13895.txt,/content/drive/MyDrive/SS_testcases_csv_final/13895.csv,/content/drive/MyDrive/SS_PIPELINE_200_final1/testcases_csv/13895.csv,8,OK,0,8,0,,,,
102,13896,13896.jpg,gallery,/content/drive/MyDrive/SS_descriptions_txt_final/13896.txt,/content/drive/MyDrive/SS_PIPELINE_200_final1/descriptions_txt/13896.txt,/content/drive/MyDrive/SS_testcases_csv_final/13896.csv,/content/drive/MyDrive/SS_PIPELINE_200_final1/testcases_csv/13896.csv,9,OK,1,8,1,,,,
103,13897,13897.jpg,gallery,/content/drive/MyDrive/SS_descriptions_txt_final/13897.txt,/content/drive/MyDrive/SS_PIPELINE_200_final1/descriptions_txt/13897.txt,/content/drive/MyDrive/SS_testcases_csv_final/13897.csv,/content/drive/MyDrive/SS_PIPELINE_200_final1/testcases_csv/13897.csv,5,OK,1,4,1,,,,
104,13921,13921.jpg,login,/content/drive/MyDrive/SS_descriptions_txt_final/13921.txt,/content/drive/MyDrive/SS_PIPELINE_200_final1/descriptions_txt/13921.txt,/content/drive/MyDrive/SS_testcases_csv_final/13921.csv,/content/drive/MyDrive/SS_PIPELINE_200_final1/testcases_csv/13921.csv,8,OK,0,8,0,,,,
105,14073,14073.jpg,login,/content/drive/MyDrive/SS_descriptions_txt_final/14073.txt,/content/drive/MyDrive/SS_PIPELINE_200_final1/descriptions_txt/14073.txt,,,3,OK,0,3,0,,,,
106,14085,14085.jpg,maps,/content/drive/MyDrive/SS_descriptions_txt_final/14085.txt,/content/drive/MyDrive/SS_PIPELINE_200_final1/descriptions_txt/14085.txt,/content/drive/MyDrive/SS_testcases_csv_final/14085.csv,/content/drive/MyDrive/SS_PIPELINE_200_final1/testcases_csv/14085.csv,4,OK,0,4,0,,,,
107,14143,14143.jpg,login,/content/drive/MyDrive/SS_descriptions_txt_final/14143.txt,/content/drive/MyDrive/SS_PIPELINE_200_final1/descriptions_txt/14143.txt,/content/drive/MyDrive/SS_testcases_csv_final/14143.csv,/content/drive/MyDrive/SS_PIPELINE_200_final1/testcases_csv/14143.csv,8,OK,0,8,0,,,,
108,14247,14247.jpg,list,/content/drive/MyDrive/SS_descriptions_txt_final/14247.txt,/content/drive/MyDrive/SS_PIPELINE_200_final1/descriptions_txt/14247.txt,/content/drive/MyDrive/SS_testcases_csv_final/14247.csv,/content/drive/MyDrive/SS_PIPELINE_200_final1/testcases_csv/14247.csv,7,OK,0,7,0,,,,
109,14285,14285.jpg,other,/content/drive/MyDrive/SS_descriptions_txt_final/14285.txt,/content/drive/MyDrive/SS_PIPELINE_200_final1/descriptions_txt/14285.txt,/content/drive/MyDrive/SS_testcases_csv_final/14285.csv,/content/drive/MyDrive/SS_PIPELINE_200_final1/testcases_csv/14285.csv,9,OK,0,9,0,,,,
110,14307,14307.jpg,bare,/content/drive/MyDrive/SS_descriptions_txt_final/14307.txt,/content/drive/MyDrive/SS_PIPELINE_200_final1/descriptions_txt/14307.txt,/content/drive/MyDrive/SS_testcases_csv_final/14307.csv,/content/drive/MyDrive/SS_PIPELINE_200_final1/testcases_csv/14307.csv,4,OK,0,4,0,,,,
111,14310,14310.jpg,list,/content/drive/MyDrive/SS_descriptions_txt_final/14310.txt,/content/drive/MyDrive/SS_PIPELINE_200_final1/descriptions_txt/14310.txt,/content/drive/MyDrive/SS_testcases_csv_final/14310.csv,/content/drive/MyDrive/SS_PIPELINE_200_final1/testcases_csv/14310.csv,4,OK,0,4,0,,,,
112,14435,14435.jpg,tutorial,/content/drive/MyDrive/SS_descriptions_txt_final/14435.txt,/content/drive/MyDrive/SS_PIPELINE_200_final1/descriptions_txt/14435.txt,/content/drive/MyDrive/SS_testcases_csv_final/14435.csv,/content/drive/MyDrive/SS_PIPELINE_200_final1/testcases_csv/14435.csv,5,OK,1,4,1,,,,
113,14549,14549.jpg,login,/content/drive/MyDrive/SS_descriptions_txt_final/14549.txt,/content/drive/MyDrive/SS_PIPELINE_200_final1/descriptions_txt/14549.txt,,,3,OK,0,3,0,,,,
114,14554,14554.jpg,bare,/content/drive/MyDrive/SS_descriptions_txt_final/14554.txt,/content/drive/MyDrive/SS_PIPELINE_200_final1/descriptions_txt/14554.txt,/content/drive/MyDrive/SS_testcases_csv_final/14554.csv,/content/drive/MyDrive/SS_PIPELINE_200_final1/testcases_csv/14554.csv,8,OK,0,8,0,,,,
115,14566,14566.jpg,list,/content/drive/MyDrive/SS_descriptions_txt_final/14566.txt,/content/drive/MyDrive/SS_PIPELINE_200_final1/descriptions_txt/14566.txt,/content/drive/MyDrive/SS_testcases_csv_final/14566.csv,/content/drive/MyDrive/SS_PIPELINE_200_final1/testcases_csv/14566.csv,8,OK,0,8,0,,,,
116,14585,14585.jpg,menu,/content/drive/MyDrive/SS_descriptions_txt_final/14585.txt,/content/drive/MyDrive/SS_PIPELINE_200_final1/descriptions_txt/14585.txt,/content/drive/MyDrive/SS_testcases_csv_final/14585.csv,/content/drive/MyDrive/SS_PIPELINE_200_final1/testcases_csv/14585.csv,9,OK,0,9,0,,,,
117,14630,14630.jpg,gallery,/content/drive/MyDrive/SS_descriptions_txt_final/14630.txt,/content/drive/MyDrive/SS_PIPELINE_200_final1/descriptions_txt/14630.txt,/content/drive/MyDrive/SS_testcases_csv_final/14630.csv,/content/drive/MyDrive/SS_PIPELINE_200_final1/testcases_csv/14630.csv,10,OK,0,10,0,,,,
118,14804,14804.jpg,form,/content/drive/MyDrive/SS_descriptions_txt_final/14804.txt,/content/drive/MyDrive/SS_PIPELINE_200_final1/descriptions_txt/14804.txt,/content/drive/MyDrive/SS_testcases_csv_final/14804.csv,/content/drive/MyDrive/SS_PIPELINE_200_final1/testcases_csv/14804.csv,8,OK,0,8,0,,,,
119,14862,14862.jpg,login,/content/drive/MyDrive/SS_descriptions_txt_final/14862.txt,/content/drive/MyDrive/SS_PIPELINE_200_final1/descriptions_txt/14862.txt,/content/drive/MyDrive/SS_testcases_csv_final/14862.csv,/content/drive/MyDrive/SS_PIPELINE_200_final1/testcases_csv/14862.csv,7,OK,0,7,0,,,,
120,14946,14946.jpg,gallery,/content/drive/MyDrive/SS_descriptions_txt_final/14946.txt,/content/drive/MyDrive/SS_PIPELINE_200_final1/descriptions_txt/14946.txt,/content/drive/MyDrive/SS_testcases_csv_final/14946.csv,/content/drive/MyDrive/SS_PIPELINE_200_final1/testcases_csv/14946.csv,10,OK,0,10,0,,,,
121,14952,14952.jpg,gallery,/content/drive/MyDrive/SS_descriptions_txt_final/14952.txt,/content/drive/MyDrive/SS_PIPELINE_200_final1/descriptions_txt/14952.txt,/content/drive/MyDrive/SS_testcases_csv_final/14952.csv,/content/drive/MyDrive/SS_PIPELINE_200_final1/testcases_csv/14952.csv,8,OK,0,8,0,,,,
122,14987,14987.jpg,form,/content/drive/MyDrive/SS_descriptions_txt_final/14987.txt,/content/drive/MyDrive/SS_PIPELINE_200_final1/descriptions_txt/14987.txt,/content/drive/MyDrive/SS_testcases_csv_final/14987.csv,/content/drive/MyDrive/SS_PIPELINE_200_final1/testcases_csv/14987.csv,7,OK,0,7,0,,,,
123,15001,15001.jpg,list,/content/drive/MyDrive/SS_descriptions_txt_final/15001.txt,/content/drive/MyDrive/SS_PIPELINE_200_final1/descriptions_txt/15001.txt,/content/drive/MyDrive/SS_testcases_csv_final/15001.csv,/content/drive/MyDrive/SS_PIPELINE_200_final1/testcases_csv/15001.csv,8,OK,0,8,0,,,,
124,15034,15034.jpg,modal,/content/drive/MyDrive/SS_descriptions_txt_final/15034.txt,/content/drive/MyDrive/SS_PIPELINE_200_final1/descriptions_txt/15034.txt,/content/drive/MyDrive/SS_testcases_csv_final/15034.csv,/content/drive/MyDrive/SS_PIPELINE_200_final1/testcases_csv/15034.csv,8,OK,0,8,0,,,,
125,15065,15065.jpg,list,/content/drive/MyDrive/SS_descriptions_txt_final/15065.txt,/content/drive/MyDrive/SS_PIPELINE_200_final1/descriptions_txt/15065.txt,/content/drive/MyDrive/SS_testcases_csv_final/15065.csv,/content/drive/MyDrive/SS_PIPELINE_200_final1/testcases_csv/15065.csv,6,OK,1,5,1,,,,
126,15095,15095.jpg,gallery,/content/drive/MyDrive/SS_descriptions_txt_final/15095.txt,/content/drive/MyDrive/SS_PIPELINE_200_final1/descriptions_txt/15095.txt,/content/drive/MyDrive/SS_testcases_csv_final/15095.csv,/content/drive/MyDrive/SS_PIPELINE_200_final1/testcases_csv/15095.csv,4,OK,1,3,1,,,,
127,15109,15109.jpg,news,/content/drive/MyDrive/SS_descriptions_txt_final/15109.txt,/content/drive/MyDrive/SS_PIPELINE_200_final1/descriptions_txt/15109.txt,/content/drive/MyDrive/SS_testcases_csv_final/15109.csv,/content/drive/MyDrive/SS_PIPELINE_200_final1/testcases_csv/15109.csv,9,OK,0,9,0,,,,
128,15123,15123.jpg,tutorial,/content/drive/MyDrive/SS_descriptions_txt_final/15123.txt,/content/drive/MyDrive/SS_PIPELINE_200_final1/descriptions_txt/15123.txt,/content/drive/MyDrive/SS_testcases_csv_final/15123.csv,/content/drive/MyDrive/SS_PIPELINE_200_final1/testcases_csv/15123.csv,5,OK,1,4,1,,,,
129,15169,15169.jpg,modal,/content/drive/MyDrive/SS_descriptions_txt_final/15169.txt,/content/drive/MyDrive/SS_PIPELINE_200_final1/descriptions_txt/15169.txt,/content/drive/MyDrive/SS_testcases_csv_final/15169.csv,/content/drive/MyDrive/SS_PIPELINE_200_final1/testcases_csv/15169.csv,6,OK,0,6,0,,,,
130,15194,15194.jpg,mediaplayer,/content/drive/MyDrive/SS_descriptions_txt_final/15194.txt,/content/drive/MyDrive/SS_PIPELINE_200_final1/descriptions_txt/15194.txt,/content/drive/MyDrive/SS_testcases_csv_final/15194.csv,/content/drive/MyDrive/SS_PIPELINE_200_final1/testcases_csv/15194.csv,4,OK,0,4,0,,,,
131,15287,15287.jpg,maps,/content/drive/MyDrive/SS_descriptions_txt_final/15287.txt,/content/drive/MyDrive/SS_PIPELINE_200_final1/descriptions_txt/15287.txt,/content/drive/MyDrive/SS_testcases_csv_final/15287.csv,/content/drive/MyDrive/SS_PIPELINE_200_final1/testcases_csv/15287.csv,6,OK,0,6,0,,,,
132,15321,15321.jpg,tutorial,/content/drive/MyDrive/SS_descriptions_txt_final/15321.txt,/content/drive/MyDrive/SS_PIPELINE_200_final1/descriptions_txt/15321.txt,/content/drive/MyDrive/SS_testcases_csv_final/15321.csv,/content/drive/MyDrive/SS_PIPELINE_200_final1/testcases_csv/15321.csv,7,OK,0,7,0,,,,
133,15393,15393.jpg,terms,/content/drive/MyDrive/SS_descriptions_txt_final/15393.txt,/content/drive/MyDrive/SS_PIPELINE_200_final1/descriptions_txt/15393.txt,/content/drive/MyDrive/SS_testcases_csv_final/15393.csv,/content/drive/MyDrive/SS_PIPELINE_200_final1/testcases_csv/15393.csv,7,OK,0,7,0,,,,
134,15449,15449.jpg,terms,/content/drive/MyDrive/SS_descriptions_txt_final/15449.txt,/content/drive/MyDrive/SS_PIPELINE_200_final1/descriptions_txt/15449.txt,/content/drive/MyDrive/SS_testcases_csv_final/15449.csv,/content/drive/MyDrive/SS_PIPELINE_200_final1/testcases_csv/15449.csv,8,OK,0,8,0,,,,
135,15452,15452.jpg,terms,/content/drive/MyDrive/SS_descriptions_txt_final/15452.txt,/content/drive/MyDrive/SS_PIPELINE_200_final1/descriptions_txt/15452.txt,/content/drive/MyDrive/SS_testcases_csv_final/15452.csv,/content/drive/MyDrive/SS_PIPELINE_200_final1/testcases_csv/15452.csv,8,OK,0,8,0,,,,
136,15574,15574.jpg,bare,/content/drive/MyDrive/SS_descriptions_txt_final/15574.txt,/content/drive/MyDrive/SS_PIPELINE_200_final1/descriptions_txt/15574.txt,/content/drive/MyDrive/SS_testcases_csv_final/15574.csv,/content/drive/MyDrive/SS_PIPELINE_200_final1/testcases_csv/15574.csv,4,OK,0,4,0,,,,
137,15631,15631.jpg,form,/content/drive/MyDrive/SS_descriptions_txt_final/15631.txt,/content/drive/MyDrive/SS_PIPELINE_200_final1/descriptions_txt/15631.txt,/content/drive/MyDrive/SS_testcases_csv_final/15631.csv,/content/drive/MyDrive/SS_PIPELINE_200_final1/testcases_csv/15631.csv,1,OK,1,0,1,,,,
139,15668,15668.jpg,terms,/content/drive/MyDrive/SS_descriptions_txt_final/15668.txt,/content/drive/MyDrive/SS_PIPELINE_200_final1/descriptions_txt/15668.txt,/content/drive/MyDrive/SS_testcases_csv_final/15668.csv,/content/drive/MyDrive/SS_PIPELINE_200_final1/testcases_csv/15668.csv,6,OK,0,6,0,,,,
140,15674,15674.jpg,gallery,/content/drive/MyDrive/SS_descriptions_txt_final/15674.txt,/content/drive/MyDrive/SS_PIPELINE_200_final1/descriptions_txt/15674.txt,/content/drive/MyDrive/SS_testcases_csv_final/15674.csv,/content/drive/MyDrive/SS_PIPELINE_200_final1/testcases_csv/15674.csv,9,OK,0,9,0,,,,
141,15677,15677.jpg,list,/content/drive/MyDrive/SS_descriptions_txt_final/15677.txt,/content/drive/MyDrive/SS_PIPELINE_200_final1/descriptions_txt/15677.txt,/content/drive/MyDrive/SS_testcases_csv_final/15677.csv,/content/drive/MyDrive/SS_PIPELINE_200_final1/testcases_csv/15677.csv,6,OK,1,5,1,,,,
142,15697,15697.jpg,modal,/content/drive/MyDrive/SS_descriptions_txt_final/15697.txt,/content/drive/MyDrive/SS_PIPELINE_200_final1/descriptions_txt/15697.txt,/content/drive/MyDrive/SS_testcases_csv_final/15697.csv,/content/drive/MyDrive/SS_PIPELINE_200_final1/testcases_csv/15697.csv,6,OK,0,6,0,,,,
143,15891,15891.jpg,tutorial,/content/drive/MyDrive/SS_descriptions_txt_final/15891.txt,/content/drive/MyDrive/SS_PIPELINE_200_final1/descriptions_txt/15891.txt,/content/drive/MyDrive/SS_testcases_csv_final/15891.csv,/content/drive/MyDrive/SS_PIPELINE_200_final1/testcases_csv/15891.csv,9,OK,0,9,0,,,,
144,15950,15950.jpg,search,/content/drive/MyDrive/SS_descriptions_txt_final/15950.txt,/content/drive/MyDrive/SS_PIPELINE_200_final1/descriptions_txt/15950.txt,/content/drive/MyDrive/SS_testcases_csv_final/15950.csv,/content/drive/MyDrive/SS_PIPELINE_200_final1/testcases_csv/15950.csv,7,OK,0,7,0,,,,
145,15979,15979.jpg,gallery,/content/drive/MyDrive/SS_descriptions_txt_final/15979.txt,/content/drive/MyDrive/SS_PIPELINE_200_final1/descriptions_txt/15979.txt,/content/drive/MyDrive/SS_testcases_csv_final/15979.csv,/content/drive/MyDrive/SS_PIPELINE_200_final1/testcases_csv/15979.csv,9,OK,0,9,0,,,,
146,16112,16112.jpg,settings,/content/drive/MyDrive/SS_descriptions_txt_final/16112.txt,/content/drive/MyDrive/SS_PIPELINE_200_final1/descriptions_txt/16112.txt,/content/drive/MyDrive/SS_testcases_csv_final/16112.csv,/content/drive/MyDrive/SS_PIPELINE_200_final1/testcases_csv/16112.csv,5,OK,0,5,0,,,,
147,16140,16140.jpg,login,/content/drive/MyDrive/SS_descriptions_txt_final/16140.txt,/content/drive/MyDrive/SS_PIPELINE_200_final1/descriptions_txt/16140.txt,/content/drive/MyDrive/SS_testcases_csv_final/16140.csv,/content/drive/MyDrive/SS_PIPELINE_200_final1/testcases_csv/16140.csv,6,OK,0,6,0,,,,
148,16254,16254.jpg,login,/content/drive/MyDrive/SS_descriptions_txt_final/16254.txt,/content/drive/MyDrive/SS_PIPELINE_200_final1/descriptions_txt/16254.txt,/content/drive/MyDrive/SS_testcases_csv_final/16254.csv,/content/drive/MyDrive/SS_PIPELINE_200_final1/testcases_csv/16254.csv,7,OK,0,7,0,,,,
149,16312,16312.jpg,form,/content/drive/MyDrive/SS_descriptions_txt_final/16312.txt,/content/drive/MyDrive/SS_PIPELINE_200_final1/descriptions_txt/16312.txt,/content/drive/MyDrive/SS_testcases_csv_final/16312.csv,/content/drive/MyDrive/SS_PIPELINE_200_final1/testcases_csv/16312.csv,8,OK,0,8,0,,,,
150,16342,16342.jpg,profile,/content/drive/MyDrive/SS_descriptions_txt_final/16342.txt,/content/drive/MyDrive/SS_PIPELINE_200_final1/descriptions_txt/16342.txt,/content/drive/MyDrive/SS_testcases_csv_final/16342.csv,/content/drive/MyDrive/SS_PIPELINE_200_final1/testcases_csv/16342.csv,5,OK,0,5,0,,,,
151,16347,16347.jpg,search,/content/drive/MyDrive/SS_descriptions_txt_final/16347.txt,/content/drive/MyDrive/SS_PIPELINE_200_final1/descriptions_txt/16347.txt,/content/drive/MyDrive/SS_testcases_csv_final/16347.csv,/content/drive/MyDrive/SS_PIPELINE_200_final1/testcases_csv/16347.csv,8,OK,0,8,0,,,,
152,16433,16433.jpg,gallery,/content/drive/MyDrive/SS_descriptions_txt_final/16433.txt,/content/drive/MyDrive/SS_PIPELINE_200_final1/descriptions_txt/16433.txt,/content/drive/MyDrive/SS_testcases_csv_final/16433.csv,/content/drive/MyDrive/SS_PIPELINE_200_final1/testcases_csv/16433.csv,9,OK,1,8,1,,,,
153,16499,16499.jpg,profile,/content/drive/MyDrive/SS_descriptions_txt_final/16499.txt,/content/drive/MyDrive/SS_PIPELINE_200_final1/descriptions_txt/16499.txt,/content/drive/MyDrive/SS_testcases_csv_final/16499.csv,/content/drive/MyDrive/SS_PIPELINE_200_final1/testcases_csv/16499.csv,7,OK,0,7,0,,,,
154,16539,16539.jpg,form,/content/drive/MyDrive/SS_descriptions_txt_final/16539.txt,/content/drive/MyDrive/SS_PIPELINE_200_final1/descriptions_txt/16539.txt,/content/drive/MyDrive/SS_testcases_csv_final/16539.csv,/content/drive/MyDrive/SS_PIPELINE_200_final1/testcases_csv/16539.csv,5,OK,0,5,0,,,,
155,16566,16566.jpg,bare,/content/drive/MyDrive/SS_descriptions_txt_final/16566.txt,/content/drive/MyDrive/SS_PIPELINE_200_final1/descriptions_txt/16566.txt,/content/drive/MyDrive/SS_testcases_csv_final/16566.csv,/content/drive/MyDrive/SS_PIPELINE_200_final1/testcases_csv/16566.csv,8,OK,0,8,0,,,,
156,16617,16617.jpg,tutorial,/content/drive/MyDrive/SS_descriptions_txt_final/16617.txt,/content/drive/MyDrive/SS_PIPELINE_200_final1/descriptions_txt/16617.txt,/content/drive/MyDrive/SS_testcases_csv_final/16617.csv,/content/drive/MyDrive/SS_PIPELINE_200_final1/testcases_csv/16617.csv,4,OK,0,4,0,,,,
157,16664,16664.jpg,list,/content/drive/MyDrive/SS_descriptions_txt_final/16664.txt,/content/drive/MyDrive/SS_PIPELINE_200_final1/descriptions_txt/16664.txt,/content/drive/MyDrive/SS_testcases_csv_final/16664.csv,/content/drive/MyDrive/SS_PIPELINE_200_final1/testcases_csv/16664.csv,8,OK,0,8,0,,,,
158,16717,16717.jpg,settings,/content/drive/MyDrive/SS_descriptions_txt_final/16717.txt,/content/drive/MyDrive/SS_PIPELINE_200_final1/descriptions_txt/16717.txt,/content/drive/MyDrive/SS_testcases_csv_final/16717.csv,/content/drive/MyDrive/SS_PIPELINE_200_final1/testcases_csv/16717.csv,7,OK,0,7,0,,,,
159,16741,16741.jpg,news,/content/drive/MyDrive/SS_descriptions_txt_final/16741.txt,/content/drive/MyDrive/SS_PIPELINE_200_final1/descriptions_txt/16741.txt,/content/drive/MyDrive/SS_testcases_csv_final/16741.csv,/content/drive/MyDrive/SS_PIPELINE_200_final1/testcases_csv/16741.csv,8,OK,1,7,1,,,,
160,16766,16766.jpg,other,/content/drive/MyDrive/SS_descriptions_txt_final/16766.txt,/content/drive/MyDrive/SS_PIPELINE_200_final1/descriptions_txt/16766.txt,/content/drive/MyDrive/SS_testcases_csv_final/16766.csv,/content/drive/MyDrive/SS_PIPELINE_200_final1/testcases_csv/16766.csv,10,OK,0,10,0,,,,
161,16770,16770.jpg,form,/content/drive/MyDrive/SS_descriptions_txt_final/16770.txt,/content/drive/MyDrive/SS_PIPELINE_200_final1/descriptions_txt/16770.txt,/content/drive/MyDrive/SS_testcases_csv_final/16770.csv,/content/drive/MyDrive/SS_PIPELINE_200_final1/testcases_csv/16770.csv,6,OK,6,0,6,,,,
162,16779,16779.jpg,form,/content/drive/MyDrive/SS_descriptions_txt_final/16779.txt,/content/drive/MyDrive/SS_PIPELINE_200_final1/descriptions_txt/16779.txt,/content/drive/MyDrive/SS_testcases_csv_final/16779.csv,/content/drive/MyDrive/SS_PIPELINE_200_final1/testcases_csv/16779.csv,5,OK,0,5,0,,,,
163,16886,16886.jpg,list,/content/drive/MyDrive/SS_descriptions_txt_final/16886.txt,/content/drive/MyDrive/SS_PIPELINE_200_final1/descriptions_txt/16886.txt,/content/drive/MyDrive/SS_testcases_csv_final/16886.csv,/content/drive/MyDrive/SS_PIPELINE_200_final1/testcases_csv/16886.csv,8,OK,0,8,0,,,,
164,16938,16938.jpg,other,/content/drive/MyDrive/SS_descriptions_txt_final/16938.txt,/content/drive/MyDrive/SS_PIPELINE_200_final1/descriptions_txt/16938.txt,/content/drive/MyDrive/SS_testcases_csv_final/16938.csv,/content/drive/MyDrive/SS_PIPELINE_200_final1/testcases_csv/16938.csv,8,OK,2,6,2,,,,
165,16946,16946.jpg,bare,/content/drive/MyDrive/SS_descriptions_txt_final/16946.txt,/content/drive/MyDrive/SS_PIPELINE_200_final1/descriptions_txt/16946.txt,/content/drive/MyDrive/SS_testcases_csv_final/16946.csv,/content/drive/MyDrive/SS_PIPELINE_200_final1/testcases_csv/16946.csv,8,OK,0,8,0,,,,
166,17018,17018.jpg,menu,/content/drive/MyDrive/SS_descriptions_txt_final/17018.txt,/content/drive/MyDrive/SS_PIPELINE_200_final1/descriptions_txt/17018.txt,/content/drive/MyDrive/SS_testcases_csv_final/17018.csv,/content/drive/MyDrive/SS_PIPELINE_200_final1/testcases_csv/17018.csv,7,OK,0,7,0,,,,
167,17032,17032.jpg,menu,/content/drive/MyDrive/SS_descriptions_txt_final/17032.txt,/content/drive/MyDrive/SS_PIPELINE_200_final1/descriptions_txt/17032.txt,/content/drive/MyDrive/SS_testcases_csv_final/17032.csv,/content/drive/MyDrive/SS_PIPELINE_200_final1/testcases_csv/17032.csv,10,OK,0,10,0,,,,
168,17075,17075.jpg,login,/content/drive/MyDrive/SS_descriptions_txt_final/17075.txt,/content/drive/MyDrive/SS_PIPELINE_200_final1/descriptions_txt/17075.txt,/content/drive/MyDrive/SS_testcases_csv_final/17075.csv,/content/drive/MyDrive/SS_PIPELINE_200_final1/testcases_csv/17075.csv,7,OK,0,7,0,,,,
169,17077,17077.jpg,list,/content/drive/MyDrive/SS_descriptions_txt_final/17077.txt,/content/drive/MyDrive/SS_PIPELINE_200_final1/descriptions_txt/17077.txt,/content/drive/MyDrive/SS_testcases_csv_final/17077.csv,/content/drive/MyDrive/SS_PIPELINE_200_final1/testcases_csv/17077.csv,5,OK,0,5,0,,,,
170,17085,17085.jpg,search,/content/drive/MyDrive/SS_descriptions_txt_final/17085.txt,/content/drive/MyDrive/SS_PIPELINE_200_final1/descriptions_txt/17085.txt,/content/drive/MyDrive/SS_testcases_csv_final/17085.csv,/content/drive/MyDrive/SS_PIPELINE_200_final1/testcases_csv/17085.csv,8,OK,0,8,0,,,,
171,17087,17087.jpg,gallery,/content/drive/MyDrive/SS_descriptions_txt_final/17087.txt,/content/drive/MyDrive/SS_PIPELINE_200_final1/descriptions_txt/17087.txt,/content/drive/MyDrive/SS_testcases_csv_final/17087.csv,/content/drive/MyDrive/SS_PIPELINE_200_final1/testcases_csv/17087.csv,5,OK,0,5,0,,,,
172,17105,17105.jpg,profile,/content/drive/MyDrive/SS_descriptions_txt_final/17105.txt,/content/drive/MyDrive/SS_PIPELINE_200_final1/descriptions_txt/17105.txt,/content/drive/MyDrive/SS_testcases_csv_final/17105.csv,/content/drive/MyDrive/SS_PIPELINE_200_final1/testcases_csv/17105.csv,8,OK,0,8,0,,,,
173,17135,17135.jpg,bare,/content/drive/MyDrive/SS_descriptions_txt_final/17135.txt,/content/drive/MyDrive/SS_PIPELINE_200_final1/descriptions_txt/17135.txt,/content/drive/MyDrive/SS_testcases_csv_final/17135.csv,/content/drive/MyDrive/SS_PIPELINE_200_final1/testcases_csv/17135.csv,8,OK,3,5,3,,,,
174,17155,17155.jpg,list,/content/drive/MyDrive/SS_descriptions_txt_final/17155.txt,/content/drive/MyDrive/SS_PIPELINE_200_final1/descriptions_txt/17155.txt,/content/drive/MyDrive/SS_testcases_csv_final/17155.csv,/content/drive/MyDrive/SS_PIPELINE_200_final1/testcases_csv/17155.csv,8,OK,0,8,0,,,,
175,17169,17169.jpg,menu,/content/drive/MyDrive/SS_descriptions_txt_final/17169.txt,/content/drive/MyDrive/SS_PIPELINE_200_final1/descriptions_txt/17169.txt,/content/drive/MyDrive/SS_testcases_csv_final/17169.csv,/content/drive/MyDrive/SS_PIPELINE_200_final1/testcases_csv/17169.csv,4,OK,0,4,0,,,,
176,17254,17254.jpg,list,/content/drive/MyDrive/SS_descriptions_txt_final/17254.txt,/content/drive/MyDrive/SS_PIPELINE_200_final1/descriptions_txt/17254.txt,/content/drive/MyDrive/SS_testcases_csv_final/17254.csv,/content/drive/MyDrive/SS_PIPELINE_200_final1/testcases_csv/17254.csv,9,OK,8,1,8,,,,
177,17346,17346.jpg,camera,/content/drive/MyDrive/SS_descriptions_txt_final/17346.txt,/content/drive/MyDrive/SS_PIPELINE_200_final1/descriptions_txt/17346.txt,/content/drive/MyDrive/SS_testcases_csv_final/17346.csv,/content/drive/MyDrive/SS_PIPELINE_200_final1/testcases_csv/17346.csv,11,OK,0,11,0,,,,
178,17368,17368.jpg,gallery,/content/drive/MyDrive/SS_descriptions_txt_final/17368.txt,/content/drive/MyDrive/SS_PIPELINE_200_final1/descriptions_txt/17368.txt,/content/drive/MyDrive/SS_testcases_csv_final/17368.csv,/content/drive/MyDrive/SS_PIPELINE_200_final1/testcases_csv/17368.csv,8,OK,0,8,0,,,,
179,17467,17467.jpg,bare,/content/drive/MyDrive/SS_descriptions_txt_final/17467.txt,/content/drive/MyDrive/SS_PIPELINE_200_final1/descriptions_txt/17467.txt,/content/drive/MyDrive/SS_testcases_csv_final/17467.csv,/content/drive/MyDrive/SS_PIPELINE_200_final1/testcases_csv/17467.csv,6,OK,1,5,1,,,,
180,17544,17544.jpg,login,/content/drive/MyDrive/SS_descriptions_txt_final/17544.txt,/content/drive/MyDrive/SS_PIPELINE_200_final1/descriptions_txt/17544.txt,/content/drive/MyDrive/SS_testcases_csv_final/17544.csv,/content/drive/MyDrive/SS_PIPELINE_200_final1/testcases_csv/17544.csv,9,OK,0,9,0,,,,
181,17576,17576.jpg,terms,/content/drive/MyDrive/SS_descriptions_txt_final/17576.txt,/content/drive/MyDrive/SS_PIPELINE_200_final1/descriptions_txt/17576.txt,/content/drive/MyDrive/SS_testcases_csv_final/17576.csv,/content/drive/MyDrive/SS_PIPELINE_200_final1/testcases_csv/17576.csv,7,OK,0,7,0,,,,
182,17587,17587.jpg,news,/content/drive/MyDrive/SS_descriptions_txt_final/17587.txt,/content/drive/MyDrive/SS_PIPELINE_200_final1/descriptions_txt/17587.txt,/content/drive/MyDrive/SS_testcases_csv_final/17587.csv,/content/drive/MyDrive/SS_PIPELINE_200_final1/testcases_csv/17587.csv,8,OK,0,8,0,,,,
183,17620,17620.jpg,login,/content/drive/MyDrive/SS_descriptions_txt_final/17620.txt,/content/drive/MyDrive/SS_PIPELINE_200_final1/descriptions_txt/17620.txt,/content/drive/MyDrive/SS_testcases_csv_final/17620.csv,/content/drive/MyDrive/SS_PIPELINE_200_final1/testcases_csv/17620.csv,5,OK,0,5,0,,,,
184,17767,17767.jpg,camera,/content/drive/MyDrive/SS_descriptions_txt_final/17767.txt,/content/drive/MyDrive/SS_PIPELINE_200_final1/descriptions_txt/17767.txt,/content/drive/MyDrive/SS_testcases_csv_final/17767.csv,/content/drive/MyDrive/SS_PIPELINE_200_final1/testcases_csv/17767.csv,8,OK,0,8,0,,,,
185,17832,17832.jpg,form,/content/drive/MyDrive/SS_descriptions_txt_final/17832.txt,/content/drive/MyDrive/SS_PIPELINE_200_final1/descriptions_txt/17832.txt,/content/drive/MyDrive/SS_testcases_csv_final/17832.csv,/content/drive/MyDrive/SS_PIPELINE_200_final1/testcases_csv/17832.csv,4,OK,0,4,0,,,,
186,17921,17921.jpg,menu,/content/drive/MyDrive/SS_descriptions_txt_final/17921.txt,/content/drive/MyDrive/SS_PIPELINE_200_final1/descriptions_txt/17921.txt,/content/drive/MyDrive/SS_testcases_csv_final/17921.csv,/content/drive/MyDrive/SS_PIPELINE_200_final1/testcases_csv/17921.csv,5,OK,0,5,0,,,,
187,18254,18254.jpg,modal,/content/drive/MyDrive/SS_descriptions_txt_final/18254.txt,/content/drive/MyDrive/SS_PIPELINE_200_final1/descriptions_txt/18254.txt,/content/drive/MyDrive/SS_testcases_csv_final/18254.csv,/content/drive/MyDrive/SS_PIPELINE_200_final1/testcases_csv/18254.csv,8,OK,0,8,0,,,,
188,18262,18262.jpg,menu,/content/drive/MyDrive/SS_descriptions_txt_final/18262.txt,/content/drive/MyDrive/SS_PIPELINE_200_final1/descriptions_txt/18262.txt,/content/drive/MyDrive/SS_testcases_csv_final/18262.csv,/content/drive/MyDrive/SS_PIPELINE_200_final1/testcases_csv/18262.csv,9,OK,0,9,0,,,,
189,18308,18308.jpg,list,/content/drive/MyDrive/SS_descriptions_txt_final/18308.txt,/content/drive/MyDrive/SS_PIPELINE_200_final1/descriptions_txt/18308.txt,/content/drive/MyDrive/SS_testcases_csv_final/18308.csv,/content/drive/MyDrive/SS_PIPELINE_200_final1/testcases_csv/18308.csv,8,OK,0,8,0,,,,
190,18460,18460.jpg,tutorial,/content/drive/MyDrive/SS_descriptions_txt_final/18460.txt,/content/drive/MyDrive/SS_PIPELINE_200_final1/descriptions_txt/18460.txt,/content/drive/MyDrive/SS_testcases_csv_final/18460.csv,/content/drive/MyDrive/SS_PIPELINE_200_final1/testcases_csv/18460.csv,8,OK,5,3,5,,,,
191,18483,18483.jpg,chat,/content/drive/MyDrive/SS_descriptions_txt_final/18483.txt,/content/drive/MyDrive/SS_PIPELINE_200_final1/descriptions_txt/18483.txt,/content/drive/MyDrive/SS_testcases_csv_final/18483.csv,/content/drive/MyDrive/SS_PIPELINE_200_final1/testcases_csv/18483.csv,6,OK,0,6,0,,,,
192,18512,18512.jpg,list,/content/drive/MyDrive/SS_descriptions_txt_final/18512.txt,/content/drive/MyDrive/SS_PIPELINE_200_final1/descriptions_txt/18512.txt,/content/drive/MyDrive/SS_testcases_csv_final/18512.csv,/content/drive/MyDrive/SS_PIPELINE_200_final1/testcases_csv/18512.csv,6,OK,0,6,0,,,,
193,18558,18558.jpg,tutorial,/content/drive/MyDrive/SS_descriptions_txt_final/18558.txt,/content/drive/MyDrive/SS_PIPELINE_200_final1/descriptions_txt/18558.txt,/content/drive/MyDrive/SS_testcases_csv_final/18558.csv,/content/drive/MyDrive/SS_PIPELINE_200_final1/testcases_csv/18558.csv,5,OK,2,3,2,,,,
194,18587,18587.jpg,profile,/content/drive/MyDrive/SS_descriptions_txt_final/18587.txt,/content/drive/MyDrive/SS_PIPELINE_200_final1/descriptions_txt/18587.txt,/content/drive/MyDrive/SS_testcases_csv_final/18587.csv,/content/drive/MyDrive/SS_PIPELINE_200_final1/testcases_csv/18587.csv,6,OK,0,6,0,,,,
195,18712,18712.jpg,tutorial,/content/drive/MyDrive/SS_descriptions_txt_final/18712.txt,/content/drive/MyDrive/SS_PIPELINE_200_final1/descriptions_txt/18712.txt,/content/drive/MyDrive/SS_testcases_csv_final/18712.csv,/content/drive/MyDrive/SS_PIPELINE_200_final1/testcases_csv/18712.csv,6,OK,0,6,0,,,,
196,18717,18717.jpg,tutorial,/content/drive/MyDrive/SS_descriptions_txt_final/18717.txt,/content/drive/MyDrive/SS_PIPELINE_200_final1/descriptions_txt/18717.txt,/content/drive/MyDrive/SS_testcases_csv_final/18717.csv,/content/drive/MyDrive/SS_PIPELINE_200_final1/testcases_csv/18717.csv,9,OK,0,9,0,,,,
197,18731,18731.jpg,gallery,/content/drive/MyDrive/SS_descriptions_txt_final/18731.txt,/content/drive/MyDrive/SS_PIPELINE_200_final1/descriptions_txt/18731.txt,/content/drive/MyDrive/SS_testcases_csv_final/18731.csv,/content/drive/MyDrive/SS_PIPELINE_200_final1/testcases_csv/18731.csv,10,OK,0,10,0,,,,
198,18817,18817.jpg,form,/content/drive/MyDrive/SS_descriptions_txt_final/18817.txt,/content/drive/MyDrive/SS_PIPELINE_200_final1/descriptions_txt/18817.txt,/content/drive/MyDrive/SS_testcases_csv_final/18817.csv,/content/drive/MyDrive/SS_PIPELINE_200_final1/testcases_csv/18817.csv,6,OK,0,6,0,,,,
199,18869,18869.jpg,login,/content/drive/MyDrive/SS_descriptions_txt_final/18869.txt,/content/drive/MyDrive/SS_PIPELINE_200_final1/descriptions_txt/18869.txt,/content/drive/MyDrive/SS_testcases_csv_final/18869.csv,/content/drive/MyDrive/SS_PIPELINE_200_final1/testcases_csv/18869.csv,7,OK,0,7,0,,,,
200,18929,18929.jpg,modal,/content/drive/MyDrive/SS_descriptions_txt_final/18929.txt,/content/drive/MyDrive/SS_PIPELINE_200_final1/descriptions_txt/18929.txt,/content/drive/MyDrive/SS_testcases_csv_final/18929.csv,/content/drive/MyDrive/SS_PIPELINE_200_final1/testcases_csv/18929.csv,7,OK,0,7,0,,,,
,,,,,,,,,,,,,,,,
,,,,,,,Total,1428,,122,1306,,,,,
,,,,,,,Correctness %,91.46,,,,,,,,